{"cameraMode":{"drawMode":0,"name":"Shaded","section":"Shading Mode"},"sceneLighting":true,"audioPlay":false,"sceneViewState":{"showFog":false,"showMaterialUpdate":false,"showSkybox":false,"showFlares":false,"showImageEffects":false,"showParticleSystems":false},"in2DMode":false,"pivot":{"x":-8.97296142578125,"y":1.2841603755950928,"z":-2.1163437366485597},"rotation":{"x":0.37010031938552859,"y":0.3976992666721344,"z":-0.1794639378786087,"w":0.8201562762260437},"size":1.4361406564712525,"orthographic":false}