{"cameraMode":{"drawMode":0,"name":"Shaded","section":"Shading Mode"},"sceneLighting":true,"audioPlay":false,"sceneViewState":{"showFog":false,"showMaterialUpdate":false,"showSkybox":false,"showFlares":false,"showImageEffects":false,"showParticleSystems":false},"in2DMode":false,"pivot":{"x":-5.171484470367432,"y":3.86885929107666,"z":-9.973716735839844},"rotation":{"x":0.17087963223457337,"y":0.04432200640439987,"z":-0.007694704923778772,"w":0.9842654466629028},"size":2.595383644104004,"orthographic":false}