{"cameraMode":{"drawMode":0,"name":"Shaded","section":"Shading Mode"},"sceneLighting":true,"audioPlay":false,"sceneViewState":{"showFog":false,"showMaterialUpdate":false,"showSkybox":false,"showFlares":false,"showImageEffects":false,"showParticleSystems":false},"in2DMode":false,"pivot":{"x":-10.545989990234375,"y":0.5665044188499451,"z":-5.692824840545654},"rotation":{"x":-0.05457495152950287,"y":0.0014978847466409207,"z":0.00008199409057851881,"w":0.9985094666481018},"size":1.095383882522583,"orthographic":false}