{"cameraMode":{"drawMode":0,"name":"Shaded","section":"Shading Mode"},"sceneLighting":true,"audioPlay":false,"sceneViewState":{"showFog":false,"showMaterialUpdate":false,"showSkybox":false,"showFlares":false,"showImageEffects":false,"showParticleSystems":false},"in2DMode":false,"pivot":{"x":-28.930316925048829,"y":9.679165840148926,"z":9.17807388305664},"rotation":{"x":0.2906554043292999,"y":0.6367437839508057,"z":-0.28206437826156618,"w":0.6561382412910461},"size":1.7320507764816285,"orthographic":false}