{"cameraMode":{"drawMode":0,"name":"Shaded","section":"Shading Mode"},"sceneLighting":true,"audioPlay":false,"sceneViewState":{"showFog":false,"showMaterialUpdate":false,"showSkybox":false,"showFlares":false,"showImageEffects":false,"showParticleSystems":false},"in2DMode":false,"pivot":{"x":-22.185073852539064,"y":5.923710346221924,"z":12.657136917114258},"rotation":{"x":0.28630951046943667,"y":0.21048352122306825,"z":-0.06462576240301132,"w":0.9324969053268433},"size":1.7320507764816285,"orthographic":false}