{"cameraMode":{"drawMode":0,"name":"Shaded","section":"Shading Mode"},"sceneLighting":true,"audioPlay":false,"sceneViewState":{"showFog":false,"showMaterialUpdate":false,"showSkybox":false,"showFlares":false,"showImageEffects":false,"showParticleSystems":false},"in2DMode":false,"pivot":{"x":-5.205090045928955,"y":4.002717971801758,"z":-10.346094131469727},"rotation":{"x":0.17087963223457337,"y":0.04432200640439987,"z":-0.007694704923778772,"w":0.9842654466629028},"size":7.095385551452637,"orthographic":false}