{"cameraMode":{"drawMode":0,"name":"Shaded","section":"Shading Mode"},"sceneLighting":true,"audioPlay":false,"sceneViewState":{"showFog":false,"showMaterialUpdate":false,"showSkybox":false,"showFlares":false,"showImageEffects":false,"showParticleSystems":false},"in2DMode":false,"pivot":{"x":0.979412317276001,"y":2.059999942779541,"z":-1.7408993244171143},"rotation":{"x":0.13081833720207215,"y":-0.3515867590904236,"z":0.04968895763158798,"w":0.9256377220153809},"size":1.06381356716156,"orthographic":false}