{"cameraMode":{"drawMode":0,"name":"Shaded","section":"Shading Mode"},"sceneLighting":true,"audioPlay":false,"sceneViewState":{"showFog":false,"showMaterialUpdate":false,"showSkybox":false,"showFlares":false,"showImageEffects":false,"showParticleSystems":false},"in2DMode":false,"pivot":{"x":-5.978160858154297,"y":4.181272506713867,"z":-5.781605243682861},"rotation":{"x":0.3177473843097687,"y":-0.01564381644129753,"z":0.005243523512035608,"w":0.9480336904525757},"size":2.3361406326293947,"orthographic":false}